{"Open":1508.5993335039,"High":1518.7606252207,"Low":1494.4920482143,"Close":1499.6219482422,"Volume":26153691,"Dividends":0.0,"Stock Splits":0.0}
{"Open":1501.496359361,"High":1516.2942866871,"Low":1499.8685632699,"Close":1511.6082763672,"Volume":16737503,"Dividends":0.0,"Stock Splits":0.0}
{"Open":1512.5948000183,"High":1519.8457602997,"Low":1486.895684807,"Close":1499.1286621094,"Volume":15932621,"Dividends":0.0,"Stock Splits":0.0}
{"Open":1501.4964276807,"High":1513.8280343469,"Low":1496.7117883794,"Close":1502.1376953125,"Volume":14396698,"Dividends":0.0,"Stock Splits":0.0}
{"Open":1501.4470640359,"High":1503.5188703116,"Low":1483.8869282706,"Close":1485.8599853516,"Volume":14240301,"Dividends":0.0,"Stock Splits":0.0}
{"Open":1475.7972705477,"High":1476.7837990538,"Low":1460.4074499375,"Close":1462.6765136719,"Volume":20843931,"Dividends":0.0,"Stock Splits":0.0}
{"Open":1455.0801590835,"High":1466.7212435233,"Low":1425.829685476,"Close":1428.0,"Volume":23140639,"Dividends":0.0,"Stock Splits":0.0}
{"Open":1439.0,"High":1451.9499511719,"Low":1426.8000488281,"Close":1437.9000244141,"Volume":13638304,"Dividends":19.5,"Stock Splits":0.0}
{"Open":1432.0,"High":1459.8000488281,"Low":1430.3000488281,"Close":1455.25,"Volume":13523601,"Dividends":0.0,"Stock Splits":0.0}
{"Open":1452.25,"High":1465.5,"Low":1450.3000488281,"Close":1460.9499511719,"Volume":12832571,"Dividends":0.0,"Stock Splits":0.0}
{"Open":1459.6999511719,"High":1459.6999511719,"Low":1435.8000488281,"Close":1438.5,"Volume":19465998,"Dividends":0.0,"Stock Splits":0.0}
{"Open":1446.0500488281,"High":1462.5500488281,"Low":1435.5,"Close":1460.25,"Volume":17472618,"Dividends":0.0,"Stock Splits":0.0}
{"Open":1446.1999511719,"High":1468.0,"Low":1446.1999511719,"Close":1464.0999755859,"Volume":10460095,"Dividends":0.0,"Stock Splits":0.0}
{"Open":1450.0999755859,"High":1469.6999511719,"Low":1450.0999755859,"Close":1458.8000488281,"Volume":21884989,"Dividends":0.0,"Stock Splits":0.0}
{"Open":1457.8499755859,"High":1465.5999755859,"Low":1448.1500244141,"Close":1459.1999511719,"Volume":19998139,"Dividends":0.0,"Stock Splits":0.0}
{"Open":1458.6500244141,"High":1495.6500244141,"Low":1457.0500488281,"Close":1492.5999755859,"Volume":20430960,"Dividends":0.0,"Stock Splits":0.0}
{"Open":1487.5,"High":1519.9000244141,"Low":1486.0,"Close":1517.1999511719,"Volume":15530103,"Dividends":0.0,"Stock Splits":0.0}
{"Open":1523.3499755859,"High":1545.0,"Low":1519.0500488281,"Close":1527.6999511719,"Volume":14692720,"Dividends":0.0,"Stock Splits":0.0}
{"Open":1530.0999755859,"High":1536.0500488281,"Low":1524.8000488281,"Close":1530.5,"Volume":13954452,"Dividends":0.0,"Stock Splits":0.0}
{"Open":1518.0,"High":1523.8499755859,"Low":1501.25,"Close":1508.3000488281,"Volume":17573853,"Dividends":0.0,"Stock Splits":0.0}
{"Open":1499.1999511719,"High":1523.5999755859,"Low":1497.6500244141,"Close":1514.8499755859,"Volume":16877675,"Dividends":0.0,"Stock Splits":0.0}
{"Open":1519.0,"High":1536.0,"Low":1514.0,"Close":1531.5500488281,"Volume":37039794,"Dividends":0.0,"Stock Splits":0.0}
{"Open":1599.0,"High":1599.0,"Low":1550.0,"Close":1572.1999511719,"Volume":36318628,"Dividends":0.0,"Stock Splits":0.0}
{"Open":1557.0,"High":1559.0,"Low":1454.0,"Close":1483.1500244141,"Volume":44765620,"Dividends":0.0,"Stock Splits":0.0}
{"Open":1494.0500488281,"High":1559.5999755859,"Low":1482.3499755859,"Close":1551.8000488281,"Volume":40815825,"Dividends":0.0,"Stock Splits":0.0}
{"Open":1564.9000244141,"High":1565.4499511719,"Low":1546.5999755859,"Close":1559.6999511719,"Volume":23211435,"Dividends":0.0,"Stock Splits":0.0}
{"Open":1561.0500488281,"High":1584.3499755859,"Low":1552.0500488281,"Close":1573.3499755859,"Volume":18356108,"Dividends":0.0,"Stock Splits":0.0}
{"Open":1574.0,"High":1580.6500244141,"Low":1557.5999755859,"Close":1561.3000488281,"Volume":11227029,"Dividends":0.0,"Stock Splits":0.0}
{"Open":1556.0,"High":1571.0,"Low":1552.1999511719,"Close":1564.8000488281,"Volume":14772663,"Dividends":0.0,"Stock Splits":0.0}
{"Open":1575.0,"High":1588.3000488281,"Low":1566.4000244141,"Close":1574.1500244141,"Volume":19640218,"Dividends":0.0,"Stock Splits":0.0}
{"Open":1581.75,"High":1585.6999511719,"Low":1574.0,"Close":1580.75,"Volume":12060096,"Dividends":0.0,"Stock Splits":0.0}
{"Open":1584.0,"High":1599.0,"Low":1577.6999511719,"Close":1596.9000244141,"Volume":12770277,"Dividends":0.0,"Stock Splits":0.0}
{"Open":1596.9000244141,"High":1610.5,"Low":1589.4499511719,"Close":1607.8000488281,"Volume":16207857,"Dividends":0.0,"Stock Splits":0.0}
{"Open":1613.4000244141,"High":1669.9000244141,"Low":1604.0,"Close":1657.8499755859,"Volume":45065598,"Dividends":0.0,"Stock Splits":0.0}
{"Open":1669.8000488281,"High":1681.4499511719,"Low":1652.0,"Close":1669.3499755859,"Volume":20704371,"Dividends":0.0,"Stock Splits":0.0}
{"Open":1672.8499755859,"High":1672.8499755859,"Low":1643.1500244141,"Close":1665.75,"Volume":25815388,"Dividends":0.0,"Stock Splits":0.0}
{"Open":1647.0,"High":1675.0999755859,"Low":1645.75,"Close":1672.4000244141,"Volume":14272497,"Dividends":0.0,"Stock Splits":0.0}
{"Open":1671.0999755859,"High":1716.9499511719,"Low":1671.0999755859,"Close":1711.3499755859,"Volume":37260774,"Dividends":0.0,"Stock Splits":0.0}
{"Open":1707.9499511719,"High":1710.9000244141,"Low":1691.0999755859,"Close":1701.5,"Volume":23798333,"Dividends":0.0,"Stock Splits":0.0}
{"Open":1696.0999755859,"High":1713.0,"Low":1686.5999755859,"Close":1696.1500244141,"Volume":27537325,"Dividends":0.0,"Stock Splits":0.0}
{"Open":1697.5999755859,"High":1706.5999755859,"Low":1679.0,"Close":1683.8000488281,"Volume":13238023,"Dividends":0.0,"Stock Splits":0.0}
{"Open":1680.0,"High":1707.3000488281,"Low":1680.0,"Close":1705.1999511719,"Volume":10593512,"Dividends":0.0,"Stock Splits":0.0}
{"Open":1715.0,"High":1734.9000244141,"Low":1702.75,"Close":1730.5999755859,"Volume":22960845,"Dividends":0.0,"Stock Splits":0.0}
{"Open":1791.0,"High":1794.0,"Low":1764.6500244141,"Close":1768.6500244141,"Volume":61608901,"Dividends":0.0,"Stock Splits":0.0}
{"Open":1759.75,"High":1759.75,"Low":1724.8499755859,"Close":1727.1500244141,"Volume":22924329,"Dividends":0.0,"Stock Splits":0.0}
{"Open":1685.0,"High":1685.0,"Low":1642.1999511719,"Close":1648.0999755859,"Volume":41121274,"Dividends":0.0,"Stock Splits":0.0}
{"Open":1645.3000488281,"High":1654.9499511719,"Low":1627.1500244141,"Close":1635.3499755859,"Volume":19543900,"Dividends":0.0,"Stock Splits":0.0}
{"Open":1625.0,"High":1646.6999511719,"Low":1620.3499755859,"Close":1636.5,"Volume":24275439,"Dividends":0.0,"Stock Splits":0.0}
{"Open":1629.9499511719,"High":1640.0,"Low":1620.75,"Close":1626.0999755859,"Volume":22753591,"Dividends":0.0,"Stock Splits":0.0}
{"Open":1623.9499511719,"High":1625.8499755859,"Low":1601.0,"Close":1621.9000244141,"Volume":22088537,"Dividends":0.0,"Stock Splits":0.0}
{"Open":1622.0,"High":1638.4000244141,"Low":1611.1500244141,"Close":1622.6999511719,"Volume":28024980,"Dividends":0.0,"Stock Splits":0.0}
{"Open":1623.5,"High":1629.8000488281,"Low":1615.1999511719,"Close":1622.0999755859,"Volume":16687847,"Dividends":0.0,"Stock Splits":0.0}
{"Open":1620.75,"High":1627.0,"Low":1616.8000488281,"Close":1619.75,"Volume":14475162,"Dividends":0.0,"Stock Splits":0.0}
{"Open":1608.0,"High":1623.9499511719,"Low":1599.1500244141,"Close":1614.8000488281,"Volume":16858532,"Dividends":0.0,"Stock Splits":0.0}
{"Open":1616.0,"High":1623.0,"Low":1603.5,"Close":1607.3000488281,"Volume":13001076,"Dividends":0.0,"Stock Splits":0.0}
{"Open":1617.0,"High":1651.0,"Low":1612.6500244141,"Close":1642.5500488281,"Volume":26872411,"Dividends":0.0,"Stock Splits":0.0}
{"Open":1647.5500488281,"High":1647.8000488281,"Low":1605.0,"Close":1618.4000244141,"Volume":26001076,"Dividends":0.0,"Stock Splits":0.0}
{"Open":1608.1500244141,"High":1621.0,"Low":1588.0500488281,"Close":1604.0500488281,"Volume":30864103,"Dividends":0.0,"Stock Splits":0.0}
{"Open":1593.0,"High":1625.0,"Low":1593.0,"Close":1616.5999755859,"Volume":12767866,"Dividends":0.0,